"Proposed_Model","Skin_Task","Architecture_Type","Combines_Methods","Main_Objective","Feature_Extraction","Cancer_Type","Database_Used","Number_Images","Balanced_Dataset","Image_Preprocessing","Validation_Type","Transfer_Learning","Data_Augmentation","Compared_Baselines","Evaluation_Metrics","Best_Result","Compared_SOTA","Tested_Different_Datasets","Limitations","Document Title"
"Adaptive Regularized Kernel Based Fuzzy algorithm","Yes","New","Yes","Segmentation","Yes","Melanoma","ISIC archive","232","Not informed","Yes","Not informed","Not informed","Not informed","No","Not informed","Not informed","No","No","Not informed","Skin lesion detection using adaptive regularized kernel based fuzzy algorithm"
"Depthwise Separable Convolutional Neural Network","Yes","New","No","Classification","Not informed","Melanoma","ISIC 2018 dataset","Not informed","Not informed","No","Not informed","Not informed","Not informed","Yes","Accuracy, Sensitivity, Specificity","87.24% Accuracy, 95.94% Sensitivity, 98.47% Specificity","Yes","No","Not informed","Depthwise Separable Convolutional Neural Network for Skin Lesion Classification"
"Fully Convolutional Network with Dense Pooling Layers","Yes","New","No","Segmentation","Not informed","Melanoma","Not informed","Not informed","Not informed","Not informed","Not informed","Not informed","Not informed","Yes","Not informed","Not informed","Yes","No","Not informed","Dense pooling layers in fully convolutional network for skin lesion segmentation"
"Deep Convolutional Networks (MobileNet and DenseNet-121)","Yes","Adaptation","No","Classification","Not informed","Various","HAM10000 dataset","Not informed","Yes","Yes","Not informed","Yes","Yes","Yes","Precision, Recall, F1-score, Specificity, ROC AUC","92.7% Accuracy (MobileNet) and 91.2% Accuracy (DenseNet-121)","Yes","No","Not informed","Enhanced Skin Lesions Classification Using Deep Convolutional Networks"
"Not informed","No","Not informed","Not informed","Not informed","Not informed","Not informed","Not informed","Not informed","Not informed","Not informed","Not informed","Not informed","Not informed","Not informed","Not informed","Not informed","Not informed","Not informed","Not informed","Automated Machine Learning for Short-term Electric Load Forecasting"
"Generalized lesion detector based on Faster R-CNN","No","Adaptation","Yes","Detection","Yes","Not informed","Deeplesion dataset","Not informed","Not informed","Yes","Not informed","Yes","Not informed","No","Not informed","Not informed","No","No","Not informed","Generalized lesion detector based on convolutional neural network"
"Multi-Pooling Attention Learning","Yes","New","Yes","Classification","Yes","Melanoma","ISIC2017 dataset","Not informed","Not informed","Not informed","Not informed","Not informed","Not informed","Yes","Not informed","Not informed","Yes","No","Not informed","Multi-Pooling Attention Learning for Melanoma Recognition"
"ABCD Rule-based Detection","Yes","Not informed","No","Classification","Yes","Melanoma","Dermoscopic images dataset (200 images)","200","No","Yes (hair removal using morphological filter and thresholding)","Not informed","Not informed","Not informed","No","Accuracy, Specificity, Sensitivity","93.2% Accuracy, 92.59% Specificity, 90.15% Sensitivity","No","No","Not informed","Melanoma Skin Cancer Detection Based on ABCD Rule"
"Transfer learning using MobileNet","Yes","Adaptation","No","Classification","Yes","Not informed","HAM1000 skin lesion dataset","Not informed","Not informed","Not informed","Not informed","Yes","Not informed","No","Categorical accuracy, precision, recall","0.97 categorical accuracy, 0.90 precision, 0.91 recall","No","No","Not informed","Classification of skin cancer dermoscopy images using transfer learning"
"Modified SegNet neural network","Yes","Adaptation","No","Segmentation","Yes","Melanoma","ISIC 2017 dataset","Not informed","Not informed","Not informed","Not informed","Not informed","Not informed","No","Dice coefficient, Jaccard indexes","Not informed","No","No","Not informed","Skin lesion segmentation based on modification of SegNet neural networks"
"Deep convolutional neural network (CNN) with transfer learning","Yes","Adaptation","No","Diagnosis","Yes","Not informed","Not informed","Not informed","Not informed","Yes (data augmentation and normalization)","Not informed","Yes","Yes","No","F1-score","0.83 F1-score","No","No","Not informed","The application of deep learning on fast skin cancer diagnosis"
"Multiple Random Walker (MRW) and deep learning approaches","Yes","Not informed","Yes","Segmentation","Yes","Melanoma","Dermoscopy images dataset","Not informed","Not informed","Not informed","Not informed","Not informed","Not informed","Yes","Not informed","Not informed","No","No","Limited training set images","Medical image learning from a few/few training samples: Melanoma segmentation study"
"Modified Inception-v4","Yes","Adaptation","No","Classification","Yes","Not informed","HAM10000 dataset","Not informed","No","Not informed","Not informed","Yes","Data sampling approach to mitigate data imbalance effect","No","Accuracy","94.7% Accuracy","No","No","Not informed","A modified inception-v4 for imbalanced skin cancer classification dataset"
"Convolution Neural Network (CNN)","Yes","Not informed","No","Classification","Yes","Various (BCC, Melanoma, Nevus, SK, SCC)","Not informed","Not informed","Not informed","Not informed","Not informed","Not informed","Not informed","Yes","Accuracy","0.9741, 0.9867, 0.9506 and 0.9734 for different classifications","Yes","No","Not informed","Skin lesion classification using convolution neural networks"
"Convolutional neural network (CNN) with transfer learning","Yes","Adaptation","No","Classification","Yes","Melanoma","International Skin Imaging Collaboration 2018 (ISIC) dataset","Not informed","Not informed","Not informed","Not informed","Yes","Not informed","Yes","Accuracy","11% increase in accuracy using transfer learning","Yes","No","Not informed","Convolutional neural network based skin lesion analysis for classifying melanoma"
"Single Shot Detector (SSD) and Level Set Segmentation Technique","Yes","New","Yes","Segmentation","Yes","Melanoma","ISBI 2016 challenge dataset (Skin Lesion Analysis Towards Melanoma Detection Challenge Dataset)","Not informed","Not informed","Yes (morphological operations to remove hair)","Not informed","Not informed","Not informed","Yes","Jaccard index (Jc), Dice coefficient (Di), Accuracy (Ac)","0.82 Jc, 0.901 Di, 0.90 Ac","Yes","No","Not informed","Segmenting melanoma Lesion using Single Shot Detector (SSD) and Level Set Segmentation Technique"
"DermoNet: densely linked convolutional neural network","Yes","New","No","Segmentation","Yes","Not informed","ISBI 2016, ISBI 2017, and PH2 datasets","Not informed","Not informed","Not informed","Not informed","Not informed","Not informed","Yes","Not informed","Outperformed state-of-the-art algorithms on three datasets","Yes","Yes","Not informed","DermoNet: densely linked convolutional neural network for efficient skin lesion segmentation"
"Image Processing Techniques with PNN classifier","Yes","Not informed","Yes","Classification","Yes (GLCM Feature Extraction algorithm)","Melanoma","Not informed","Not informed","Not informed","Yes (median filters for noise removal, HSI color transformation)","Not informed","No","Not informed","No","Not informed","Not informed","No","No","Not informed","Detection of Skin Cancer Lesions from Digital Images with Image Processing Techniques"
"Kernel sparse representation based model","Yes","New","Yes","Segmentation and Classification","Yes","Melanoma","Dermoscopic and digital datasets","Not informed","Not informed","No","Not informed","Not informed","Not informed","Yes","Not informed","Not informed","Yes","Yes","Not informed","Kernel sparse representation based model for skin lesions segmentation and classification"
"Improved Single Shot Multibox Detector (SSD) with ResNet18 backbone","No","Adaptation","No","Classification and detection of citrus","Yes","Not applicable","Custom dataset of citrus images","2500","No","Not informed","Not informed","Yes","Not informed","Yes","mAP (mean average precision), mean detection time","87.89% mAP, 20.72 ms mean detection time","No","No","Not informed","Real-time classification and detection of citrus based on improved single short multibox detecter; [基于改进SSD的柑橘实时分类检测]"
"Multi-tree Genetic Programming (GP) for feature construction","Yes","New","Yes","Classification","Yes","Melanoma and other skin cancers","Two skin image datasets (not specified)","Not informed","Not informed","Not informed","Not informed","Not informed","Not informed","Yes","Not specified","Significantly outperformed other classification methods","Yes","Yes (two datasets)","Not informed","Genetic Programming for Multiple Feature Construction in Skin Cancer Image Classification"
"Dragonfly Optimization based Deep Neural Network","Yes","New","Yes","Classification","Yes (using GLCM)","Not informed","Not informed","Not informed","Not informed","Yes (segmentation using enhanced level set approach)","Not informed","Not informed","Not informed","Yes (SVM, ANN)","Accuracy, sensitivity, specificity","Not informed","No","No","Not informed","An Enhanced Model for Skin Disease Detection using Dragonfly Optimization based Deep Neural Network"
"Fractional Fourier and Hermite transform","Yes","Not informed","Yes","Diagnosis","Yes","Malignant melanoma","Not informed","Not informed","Not informed","Sub-image division","Not informed","Not informed","Not informed","No","Confidence level","99.7% confidence level","No","No","Not informed","Spectral indexes obtained by implementation of the fractional Fourier and Hermite transform for the diagnosis of malignant melanoma"
"Dermatologic Hyperspectral Imaging System","Yes","New","Yes","Diagnosis Assistance","Not informed","Pigmented skin lesions (PSLs)","Preliminary database of 49 HS images","49","Not informed","Not informed","Supervised machine learning method optimized by genetic algorithm","Not informed","Not informed","No","Not informed","Not informed","No","No","Not informed","Dermatologic Hyperspectral Imaging System for Skin Cancer Diagnosis Assistance"
"Bag Tree Ensemble Classifier","Yes","Not informed","Yes","Classification","Yes","Melanoma","PH2 dataset, ISBI2016 dataset, ISIC2017 dataset","Not informed","No (but experimented with undersampled and oversampled datasets)","Yes (hair artifact removal)","Not informed","Not informed","Not informed","No","Sensitivity, Specificity","High sensitivity and specificity on oversampled dataset","No","Yes (PH2, ISBI2016, ISIC2017)","Class imbalance in the dataset","Melanoma Classification on Dermoscopy Skin Images using Bag Tree Ensemble Classifier"
"Ant Colony Optimization (ACO) for edge detection","Yes","Not informed","Yes","Edge detection","No","Not informed","Not informed","Not informed","Not informed","Yes (color space conversion, contrast enhancement, filtering)","Not informed","No","Not informed","Yes (Canny, Sobel, Prewitt)","Entropy analysis","Improved edge contour using ACO","No","No","Not informed","Improved skin lesion edge detection method using Ant Colony Optimization"
"Not informed","Yes","Not informed","No","Classification","Yes","Melanoma","Not informed","Not informed","Not informed","Yes","Not informed","Not informed","Not informed","No","Not informed","Not informed","No","No","Not informed","Machine Learning Techniques for Automated Melanoma Detection"
"Attention-guided deep convolutional neural network","Yes","New","Yes","Classification","Yes","Not informed","Not informed","Not informed","No","Not informed","Not informed","Yes","Not informed","Yes","Accuracy","12% improvement in accuracy","No","No","Not informed","Attention-guided deep convolutional neural networks for skin cancer classification"
"Ultrasound frequency analysis","Yes","Not informed","No","Diagnosis","Yes","Skin cancer","CRED dataset (400 patients)","Not informed","Not informed","Not informed","Not informed","Not informed","Not informed","No","AUC, sensitivity, specificity","AUC = 0.959, sensitivity = 93.8%, specificity = 97.3%","No","No","Not informed","Early diagnosis of skin cancer by ultrasound frequency analysis"
"Improved Particle Swarm Optimization and Deep Learning","Yes","New","Yes","Classification","Yes","Not informed","Dermoscopic skin lesion data, UCI machine learning repository, ALL-IDB2 image data","Not informed","Not informed","Not informed","Not informed","Not informed","Not informed","Yes","Discriminative feature selection, optimal hyper-parameter identification","Not informed","Yes","Yes","Not informed","Intelligent skin cancer diagnosis using improved particle swarm optimization and deep learning models"
"YOLO deep convolutional neural networks","Yes","Adaptation","No","Detection","Yes","Melanoma","Not informed","200 (training set)","Not informed","Input image size reset","Not informed","Not informed","Not informed","No","Mean average precision (mAP)","0.82 mAP","No","No","Not informed","Automatic detection of melanoma with yolo deep convolutional neural networks"
"Ensemble of canonical and deep classifiers","Yes","Not informed","Yes","Classification","Yes","Actinic keratosis","Clinical image dataset","Not informed","Not informed","Not informed","Not informed","Not informed","Yes (warping)","Yes","Not informed","Not informed","Yes","No","Not informed","Deep learning for actinic keratosis classification"
"Multiple Instance Learning (MIL) algorithm","Yes","New","No","Classification","Not informed","Melanoma","Not informed","Not informed","Not informed","Not informed","Not informed","Not informed","Not informed","No","Not informed","Promising results","No","No","Not informed","Dangerousness of dysplastic nevi: A Multiple Instance Learning Solution for Early Diagnosis"
"Two-step skin cancer images classification using transfer learning","Yes","Not informed","No","Classification","Yes","Not informed","HAM10000 dataset","10000","Not informed","Not informed","Not informed","Yes","Not informed","No","Accuracy","85% accuracy in the first step, 75% accuracy in the second step","No","No","Not informed","Transfer learning based method for two-step skin cancer images classification"
"Not informed","Yes","Not informed","Not informed","Not informed","Not informed","Not informed","Not informed","Not informed","Not informed","Not informed","Not informed","Not informed","Not informed","Not informed","Not informed","Not informed","Not informed","Not informed","Not informed","Can skin cancer diagnosis be transformed by AI?"
"Weakly Supervised Vitiligo Segmentation through Saliency Propagation","Yes","New","Yes","Segmentation","Yes","Not informed (Vitiligo is a skin disorder, not cancer)","Vit2019 dataset","Not informed","Not informed","Not informed","Not informed","Yes (pre-training a classification network)","Not informed","Yes","Not informed","Not informed","Yes","No","Not informed","Weakly Supervised Vitiligo Segmentation in Skin Image through Saliency Propagation"
"Convolutional Neural Network (CNN) with three convolution layers","Yes","New","Yes","Classification","Yes","Not informed","Not informed","Not informed","Not informed","Yes (natural hair removal and image segmentation)","Not informed","Not informed","Not informed","No","Classification accuracy","76.83% classification accuracy","No","No","Not informed","Pigmented skin lesions classification using convolutional neural networks"
"Very Deep Residual Networks","Yes","New","Yes","Classification","Yes","Melanoma","Not informed","Not informed","Not informed","Not informed","Not informed","Not informed","Not informed","No","Histogram, PSNR ratio","Not informed","No","No","Not informed","Automated Melanoma Recognition in Dermoscopy Images via Very Deep Residual Networks"
"Multi-model fusion of Convolutional Neural Network (CNN) based on Maximum Correntropy Criterion (MCC)","Yes","New","Yes","Classification","Yes","Basal cell carcinoma and seborrheic keratosis","Established basal cell carcinoma and seborrheic keratosis datasets","Not informed","Not informed","Not informed","Not informed","Yes","Not informed","Yes","Recognition accuracy","97.07% Accuracy","Yes","No","Not informed","Skin Disease Recognition Method Based on Multi-Model Fusion of Convolutional Neural Network; [多卷积神经网络模型融合的皮肤病识别方法]"
"Learning Vector Quantization","Yes","Not informed","No","Classification","Yes (using Grey-Level Co-Occurrence Matrix - GLCM)","Melanoma","Not informed","Not informed","Not informed","Yes (grey-scaling and median filtering)","Not informed","No","Not informed","No","Accuracy","83.33% Accuracy","No","No","Not informed","Identification of Melanoma through Dermoscopy Image using Learning Vector Quantization"
"Deep Convolutional Neural Networks (CNNs)","No","Adaptation","No","Classification","Yes","Not informed","TiVi camera images","Not informed","Not informed","Not informed","10-fold cross-validation","Yes (using pretrained CNNs: VGG-16, GoogleNet, ResNet-50, and ResNet-101)","Not informed","No","Accuracy, sensitivity, specificity","81.66% average accuracy (ResNet-101), 90.54% average accuracy for burn depth types","No","No","Not informed","Time-Independent Prediction of Burn Depth Using Deep Convolutional Neural Networks"
"Gabor wavelet-based deep convolutional neural network","Yes","New","Yes","Classification","Yes","Malignant melanoma and seborrheic keratosis","Not informed","Not informed","Not informed","Gabor wavelet decomposition","Not informed","Not informed","Not informed","Yes","Not informed","Not informed","Yes","No","Not informed","Gabor wavelet-based deep learning for skin lesion classification"
"Multidimensional Convolutional Neural Network","No","New","Yes","Classification","Yes","Not informed","Varicose ulcer wound image dataset","Not informed","Not informed","Yes (flash light removal, active contour segmentation)","Not informed","Not informed","Not informed","No","Average accuracy, specificity, sensitivity","99.55% average accuracy, 98.06% specificity, 95.66% sensitivity","No","No","Not informed","Varicose ulcer(C6) wound image tissue classification using multidimensional convolutional neural networks"
"Integrated classification and image retrieval system","Yes","New","Yes","Classification and Retrieval","Yes","Melanoma and other skin cancers","Dermoscopic image dataset (1300 images, 10 classes)","1300","Not informed","Not informed","Not informed","Yes","Not informed","No","Classification accuracy, Retrieval accuracy","85% classification accuracy and retrieval accuracy","No","No","Not informed","Deep Learning Based Integrated Classification and Image Retrieval System for Early Skin Cancer Detection"
"Deep depthwise separable residual convolutional network","Yes","New","Yes","Classification","Yes","Melanoma","ISIC, PH2, DermIS, MED-NODE datasets","Not informed","Not informed","Yes (noise removal using non-local means filter and enhancement using contrast-limited adaptive histogram equilisation over discrete wavelet transform algorithm)","Not informed","Not informed","Not informed","No","ACC (Accuracy)","99.50% ACC on ISIC, 96.77% ACC on PH2, 94.44% ACC on DermIS, 95.23% ACC on MED-NODE datasets","No","Yes","Not informed","Diagnosis of melanoma from dermoscopic images using a deep depthwise separable residual convolutional network"
"HCET-G2: Hybrid Cross Entropy Thresholding using Gaussian and Gamma Distributions","Yes","New","Yes","Segmentation","Not informed","Melanoma","PH2 and ISIC 2017 datasets","Not informed","Not informed","Not informed","Not informed","Not informed","Not informed","Yes","Accuracy","75% accuracy","Yes","Yes","Not informed","HCET-G2: Dermoscopic Skin Lesion Segmentation via Hybrid Cross Entropy Thresholding using Gaussian and Gamma Distributions"
"Convolutional Neural Network (CNN) with MobileNet v1 and Inception V3","Yes","Adaptation","No","Classification","Yes","Various skin cancers","MNIST HAM10000 dataset (10,015 images)","10,015","Not informed","Not informed","Not informed","Yes","Not informed","Yes (MobileNet v1 and Inception V3)","Predictive accuracy","72% accuracy with Inception V3, 58% accuracy with MobileNet v1","No","No","Not informed","Disease Classification based on Dermoscopic Skin Images Using Convolutional Neural Network in Teledermatology System"
"U-Net and VGG16 Net","Yes","Adaptation","Yes","Classification","Yes","Melanoma","ISBI 2016 Skin Lesion Analysis towards Melanoma Detection Challenge dataset","Not informed","Not informed","Yes (segmentation using U-Net)","Not informed","Yes (using VGG16 Net)","Not informed","No","Accuracy, Sensitivity, Specificity","83.18% Accuracy, 95.53% Sensitivity, 96.22% Specificity","No","No","Not informed","Melanoma segmentation and classification using deep learning"
"Artificial Neural Network (ANN) based diagnostic system","Yes","New","No","Classification","Yes","Melanoma","Not informed","Not informed","Not informed","Yes","Not informed","Not informed","Not informed","Yes","Classifier performance (accuracy)","99.8% accuracy with Multilayer Perceptron (MLP) model","No","No","Not informed","Artificial neural network based diagnostic system for melanoma skin cancer; [Melanom cilt kanseri için yapay sinir aǧi tabanli tani sistemi]"
"Not informed","Yes","Not informed","No","Segmentation","Not informed","Melanoma","Not informed","Not informed","Not informed","Not informed","Not informed","Not informed","Not informed","No","Not informed","Not informed","No","No","Not informed","Automated segmentation of pigmented skin lesions images for smartphone applications"
"CNN with GAN-generated synthetic images","Yes","New","Yes","Classification","Yes","Not informed","International Skin Imaging Collaboration (ISIC) dataset","97","No","Not informed","Not informed","Not informed","Yes (using GAN)","Yes","Classification performance","71% classification performance with synthetic images, 53% without","No","No","Not informed","Generating Synthetic Medical Images by Using GAN to Improve CNN Performance in Skin Cancer Classification"
"Bimodal Skin Cancer Image Segmentation using Gamma Distribution","Yes","Not informed","No","Segmentation","Not informed","Skin cancer","Not informed","Not informed","Not informed","Thresholding","Not informed","Not informed","Not informed","Yes","Performance measures (not specified)","Improved results compared to existing techniques","No","No","Not informed","Bimodal Skin Cancer Image Segmentation Based on Different Parameter Shapes of Gamma Distribution"
"Convolutional Neural Networks (CNN)","Yes","Not informed","No","Classification","Yes","Not informed","MNIST:HAM10000 dataset","10000","Not informed","Not informed","Not informed","Not informed","Not informed","No","Not informed","Not informed","No","No","Not informed","Convolutional Neural Networks for classifying skin lesions"
"Not informed","No","Not informed","Yes","Imaging","Not informed","Not informed","Not informed","Not informed","Not informed","Not informed","Not informed","Not informed","Not informed","No","Not informed","Not informed","No","No","Not informed","Label-Free Non-linear Multimodal Optical Microscopy—Basics, Development, and Applications"
"Not informed","Yes","Not informed","No","Classification","Yes","Melanoma","Not informed","Not informed","Not informed","Yes (pre-processing, segmentation, edge detection)","Not informed","Not informed","Not informed","No","Not informed","Not informed","No","No","Not informed","Features for melanoma lesions: Extraction and classification"
"Ensemble of Convolutional Neural Networks","Yes","New","Yes","Classification","Yes","Not informed","Not informed","1,440 (test data)","Not informed","Yes (hair removal, image resizing, and image augmentation)","Not informed","Not informed","Yes","No","Accuracy","91.7% accuracy","No","No","Not informed","Ensembles of Convolutional Neural Networks for Skin Lesion Dermoscopy Images Classification"
"Not informed","Yes","Not informed","No","Survey of diagnosis methods","Not informed","Melanoma","Not informed","Not informed","Not informed","Not informed","Not informed","Not informed","Not informed","No","Not informed","Not informed","No","No","Not informed","Diagnosis methods of skin lesions in dermoscopic images: A survey"
"Modified U-Net architecture (46-layered structure)","Yes","Adaptation","Yes","Segmentation","Yes","Malign melanoma","Not informed","Not informed","Not informed","Yes (image enhancement, linear filtering, image restoration)","Not informed","Not informed","Not informed","Yes (U-Net 32 and U-Net 46 architectures compared)","Dice-coefficient, Jaccard","Not informed","No","No","Not informed","Skin lesion segmentation by using deep learning techniques"
"Deep Learning Convolutional Neural Network","Yes","Not informed","No","Classification","Yes","Melanoma","Dermoscopic images of skin neoplasms (over 120,000 images)","390 (3 sets of 130 melanocytic lesions each)","No","Removal of gentian violet surgical skin markings by manual cropping","Not informed","Not informed","Not informed","Yes (comparison between unmarked, marked and cropped images)","Sensitivity, specificity, area under the curve (AUC) of the receiver operating characteristic (ROC) curve","100% sensitivity, 97.2% specificity, ROC AUC of 0.993 after cropping images to remove skin markings","No","Yes (3 sets of images)","Skin markings can significantly interfere with the CNN's correct diagnosis","Association between Surgical Skin Markings in Dermoscopic Images and Diagnostic Performance of a Deep Learning Convolutional Neural Network for Melanoma Recognition"
"RethNet with REthinker blocks","Yes","New","Yes","Detection","Yes","Not informed","Prepared dataset (not specified)","Not informed","Not informed","Not informed","Not informed","Not informed","Not informed","Yes (Deeplab v3+)","MIoU (Mean Intersection over Union)","79.46% MIoU","Yes","No","Not informed","RethNet: Object-by-object learning for detecting facial skin problems"
"Bio-medical image analysis for melanoma segmentation","Yes","Not informed","No","Segmentation","Yes","Melanoma","European dataset of dermoscopic images","Not informed","Not informed","Yes (gradient magnitude calculation, foreground object marking)","Not informed","Not informed","Not informed","Yes","Not informed","Not informed","No","No","Not informed","Melanoma segmentation using bio-medical image analysis for smarter mobile healthcare"
"Content-based image classification using bit plane features","Yes","New","No","Classification","Yes","Melanoma","Not informed","Not informed","Not informed","Binarization, bit plane extraction","Not informed","No","Not informed","Yes","Specificity, sensitivity","Not informed","Yes","No","Not informed","Melanoma identification with content based image classification using bit plane features"
"U-Net model","Yes","Adaptation","No","Segmentation","Yes","Not informed","Novel abdominal dataset (1,400 images)","1,400","Not informed","Not informed","Cross-validation","Not informed","Not informed","Yes (thresholding, fully connected neural network, Mask-RCNN)","Mean cross-validation accuracy","95.51% accuracy","No","No","Not informed","Adaptation and evaluation of deep learning techniques for skin segmentation on novel abdominal dataset"
"Multiple machine learning classifiers","Yes","Not informed","No","Classification","Yes","Melanoma","Dermoscopic image database","Not informed","Not informed","Yes","Not informed","Not informed","Not informed","No","Accuracy","97% Accuracy","No","No","Not informed","Detection of melanoma with multiple machine learning classifiers in dermoscopy images; [Dermoskopik görüntülerdeki melanomun çoklu makine öǧrenmesi siniflandiricilari ile tespiti]"
"Multilayer Perceptron using Weka","Yes","Not informed","No","Classification","Yes (GLCM)","Not informed","Not informed","Not informed","Not informed","Yes","Not informed","Not informed","Not informed","No","Accuracy","98% Accuracy","No","No","Not informed","An automatic classification of dermoscopy image with multilayer perceptron using weka"
"Combined feature extraction using shape, color, and texture analysis","Yes","Not informed","Yes","Classification","Yes","Not informed","Dermoscopic images dataset (1104 images)","1104","Not informed","Not informed","Cross-validation","Not informed","Not informed","No","Accuracy, Sensitivity, Specificity","92.3% Accuracy, 87.5% Sensitivity, 97.1% Specificity","No","No","Not informed","Computational diagnosis of skin lesions from dermoscopic images using combined features"
"Combination of human and artificial intelligence","Yes","Not informed","Yes","Classification","Yes","Melanoma","Dermoscopic images dataset (11,444 images)","11444","Not informed","Not informed","Not informed","Not informed","Not informed","Yes","Accuracy, sensitivity, specificity","82.95% accuracy (multiclass), 89% sensitivity (binary)","Yes","No","Not informed","Superior skin cancer classification by the combination of human and artificial intelligence"
"Bi-directional ConvLSTM U-net with densely connected convolutions (BCDU-Net)","Yes","New","Yes","Segmentation","Yes","Not informed","Three datasets (retinal blood vessel, skin lesion, lung nodule)","Not informed","Not informed","Not informed","Not informed","Not informed","Not informed","Yes","Not informed","State-of-the-art performance","Yes","Yes","Not informed","Bi-directional ConvLSTM U-net with densley connected convolutions"
"Sclera image processing for bilirubin level quantification","No","Not informed","No","Detection and Quantification","Yes","Not applicable","Not informed","Not informed","Not informed","Not informed","Not informed","Not informed","Not informed","No","Not informed","Not informed","No","No","Applicable mostly for adults","Non-Invasive Bilirubin Level Quantification and Jaundice Detection by Sclera Image Processing"
"Harris Corner Detection and Region Growing","Yes","New","Yes","Segmentation","No","Not informed","Not informed","Not informed","Not informed","Yes (color models, filtering)","Not informed","No","Not informed","No","Accuracy","95% Accuracy","No","No","Not informed","Segmentation of Skin Lesion Using Harris Corner Detection and Region Growing"
"Dense-Residual Network with Adversarial Learning","Yes","New","Yes","Segmentation","Yes","Not informed","ISBI2017 dataset","Not informed","Not informed","Not informed","Not informed","Not informed","Not informed","Yes","Jaccard distance, End Point Error","Not informed","Yes","No","Not informed","Segmentation of Lesion in Dermoscopy Images Using Dense-Residual Network with Adversarial Learning"
"Convolutional neural network (CNN)","Yes","Not informed","No","Classification","Yes","Melanoma and other skin cancers","Dermoscopic images dataset (11,444 images)","11,444","Not informed","Not informed","Not informed","Not informed","Not informed","Yes (112 dermatologists)","Sensitivity, specificity","91.3% specificity at equal sensitivity to dermatologists, 98.8% specificity for multiclass classification","Yes","No","Not informed","Systematic outperformance of 112 dermatologists in multiclass skin cancer image classification by convolutional neural networks"
"Xception convolutional neural network","Yes","Adaptation","No","Classification","Yes","Melanoma","Not informed","Not informed","Not informed","Segmentation","Not informed","Yes","Not informed","No","Accuracy","89% accuracy","No","No","Not informed","AI Recognition in Skin Pathologies Detection"
"Heterogeneous framework of Deep CNN Features Fusion and Reduction","Yes","New","Yes","Classification","Yes","Not informed","PH2, ISIC 2017, ISBI 2016, and ISBI 2017 datasets","Not informed","Not informed","Yes (contrast enhancement through fast local Laplacian filtering and HSV color transformation)","Not informed","Yes (using Inception V3 model)","Yes (mentioned as 'Augmentation' in the abstract, but details not provided)","Yes","Accuracy","98.4% on PH2 dataset, 95.1% on ISBI dataset and 94.8% on ISBI 2017 dataset","Yes","Yes","Not informed","Region Extraction and Classification of Skin Cancer: A Heterogeneous framework of Deep CNN Features Fusion and Reduction"
"Class Centroid Based Convolutional Neural Network","Yes","New","No","Detection","Yes","Not informed","Not informed","Not informed","Not informed","Not informed","Not informed","Yes (fine-tuned ResNet)","Not informed","Yes (comparison with cross-entropy loss function and non-fine-tuned network)","Not informed","Comparable performance to classification network optimized with cross entropy loss function","No","No","Not informed","Class Centroid Based Convolutional Neural Network for Skin Cancer Detection"
"Combination of YOLO and GrabCut algorithm","Yes","New","Yes","Segmentation","Yes","Melanoma","PH2 and ISBI 2017 datasets","Not informed","Not informed","Yes (hair removal)","Not informed","Not informed","Not informed","Yes","Sensitivity, accuracy, specificity, Dice coefficient, Jaccard index","90% sensitivity rate on ISBI 2017 dataset","Yes","Yes (PH2 and ISBI 2017 datasets)","Not informed","Skin lesion segmentation in dermoscopic images with combination of yolo and grabcut algorithm"
"Enhanced High-Level Parsing (EHP) with Class Weighted Loss (CWL)","Yes","New","Yes","Segmentation","Yes","Melanoma","ISBI 2017 database","Not informed","No","Not informed","Not informed","Not informed","Not informed","Yes","Not informed","State-of-the-art prediction performance","Yes","No","Not informed","Dermoscopic Image Segmentation Through the Enhanced High-Level Parsing and Class Weighted Loss"
"Fuzzy-like classification method with lesion color adaptation","Yes","New","No","Diagnosis","Yes","Not informed","Representative training photographs (5 images)","5 (training set), Not informed (test set)","Not informed","Yes (color adaptation technique)","Not informed","Not informed","Not informed","No","Accuracy","97.7% accuracy (with color adaptation), 85.3% accuracy (without color adaptation)","No","Not informed","Small training set, limited number of images","Skin disorder diagnosis with ambiguity reduction assisted by lesion color adaptation"
"Not informed","Yes","Not informed","Not informed","Diagnosis","Not informed","Melanoma and Non-melanoma skin cancer","Not informed","Not informed","Not informed","Not informed","Not informed","Not informed","Not informed","No","Not informed","Not informed","No","No","Need for large data pipelines, lack of metadata, and lack of rigorous standards","Artificial Intelligence in Skin Cancer"
"Not informed","No","Not informed","Not informed","Segmentation","Not informed","Breast cancer","Digital mammograms","Not informed","Not informed","Not informed","Not informed","Not informed","Not informed","Yes","Not informed","Not informed","No","No","Not informed","Mammogram segmentation methods: A brief review"
"Separable-Unet with stochastic weight averaging","Yes","New","Yes","Segmentation","Yes","Melanoma and non-melanoma","ISIC 2016, ISIC 2017, PH2 datasets","Not informed","Not informed","Not informed","Not informed","Not informed","Not informed","Yes","Dice coefficient, Jaccard index","93.03% Dice coefficient, 89.25% Jaccard index (ISIC 2016), 86.93% Dice coefficient, 79.26% Jaccard index (ISIC 2017), 94.13% Dice coefficient, 89.40% Jaccard index (PH2)","Yes","Yes","Not informed","Efficient skin lesion segmentation using separable-Unet with stochastic weight averaging"
"Extended-Incremental Convolutional Neural Network (E-ICNN)","Yes","New","No","Classification","Yes","Various (Melanoma, Basal Cell Carcinoma, Actinic Keratosis, etc.)","ISIC 2018 dataset","Not informed","Not informed","Not informed","Not informed","Not informed","Not informed","No","Accuracy","More than 95% accuracy","No","No","Not informed","Classification of Skin Lesions by using Extended-Incremental Convolutional Neural Network"
"Xception convolutional neural network","Yes","Adaptation","No","Classification","Yes","Basal cell carcinoma","Xiangya Skin Disease Dataset","150223","Not informed","Not informed","Not informed","Yes","Not informed","Yes","Accuracy, Area under curve (AUC)","93.596% accuracy, AUC values of 0.974 and 0.969","No","No","Not informed","Clinical image identification of basal cell carcinoma and pigmented nevi based on convolutional neural network"
"Attention Residual Learning Convolutional Neural Network (ARL-CNN)","Yes","New","Yes","Classification","Yes","Melanoma","ISIC-skin 2017 dataset","Not informed","Not informed","Not informed","Not informed","Not informed","Not informed","Yes","Not informed","State-of-the-art performance","Yes","No","Not informed","Attention Residual Learning for Skin Lesion Classification"
"Automated deep learning design using Google Cloud AutoML","Yes","Not informed","No","Classification","Yes","Various (including skin lesions)","HAM10000 dataset, MESSIDOR, Guangzhou Medical University and Shiley Eye Institute datasets, NIH dataset","Not informed","Not informed","Not informed","Internal validation and external validation using Edinburgh Dermofit Library dataset","Not informed","Not informed","Yes, compared to state-of-the-art performing deep learning algorithms","Sensitivity, specificity, positive predictive value (precision), area under the precision recall curve (AUPRC)","High diagnostic properties and discriminative performance in internal validations (sensitivity 73·3–97·0%; specificity 67–100%; AUPRC 0·87–1·00)","Yes, comparable to state-of-the-art performing deep learning algorithms","Yes, tested on multiple datasets","Quality of open-access datasets, absence of measurement for precision (such as confidence intervals), and limited performance in external validation study","Automated deep learning design for medical image classification by health-care professionals with no coding experience: a feasibility study"
"Convolutional Neural Network (CNN)","Yes","Not informed","No","Classification","Yes","Melanoma","4204 biopsy-proven images of melanoma and nevi","804 (test set)","Yes (1:1 ratio of melanoma and nevi)","Not informed","Comparison with dermatologists' evaluations","Not informed","Not informed","Yes (dermatologists' evaluations)","Sensitivity, Specificity, Overall Correctness","82.3% Sensitivity, 77.9% Specificity","Yes (outperformed dermatologists)","No","Not informed","Deep neural networks are superior to dermatologists in melanoma image classification"
"SkinSeg - a machine learning approach","Yes","New","Yes","Identification of skin morphology","Yes","Not informed","UWB-RSOM data from 12 human participants","Not informed","Not informed","Yes (data processing and transformation)","Leave-one-out strategy","Not informed","Not informed","Yes (traditional machine learning and deep learning algorithms)","Classification accuracy","86.89% mean classification accuracy using Random Forest","No","No","Not informed","Fully automated identification of skin morphology in raster-scan optoacoustic mesoscopy using artificial intelligence"
"Not informed","Yes","Not informed","No","Prediction","Not informed","Melanoma","Not informed","Not informed","Not informed","Not informed","Not informed","Not informed","Not informed","No","Not informed","Not informed","No","No","Need for prospective data","Prediction of melanoma evolution in melanocytic nevi via artificial intelligence: A call for prospective data"
"Not informed","Yes","Not informed","No","Review of dermoscopy in China","Not informed","Not informed","Chinese Skin Image Database","Not informed","Not informed","Not informed","Not informed","Not informed","Not informed","No","Not informed","Not informed","No","No","Needs to address more challenges in the future","Dermoscopy in China: Current status and future prospective"
"Artificial Neural Network (ANN) with ABCD rule","Yes","Not informed","Yes","Classification","Yes","Melanoma","Not informed","Not informed","Not informed","Yes (black hair removal using Dull Razor algorithm, segmentation using Chan-Vese method)","Not informed","No","Not informed","No","Overall accuracy","98% overall accuracy","No","No","Not informed","Melanoma diagnosis from dermoscopy images using artificial neural network"
"Not informed","Yes","Not informed","Not informed","Review of deep learning techniques for cancer diagnosis","Not informed","Various (breast, lung, brain, skin)","Not informed","Not informed","Not informed","Pre-processing mentioned as part of framework","Not informed","Not informed","Not informed","No","ROC curve, AUC, F1 score, accuracy, specificity, sensitivity, precision, dice-coefficient, average accuracy, Jaccard index","Not informed","No","No","Not informed","Cancer diagnosis using deep learning: A bibliographic review"
"Hybrid Lempel–Ziv–Welch and clipped histogram equalization","No","Not informed","Yes","Compression","Not informed","Not informed","Magnetic resonance imaging (MRI) images","Not informed","Not informed","Yes (median filter)","Not informed","Not informed","Not informed","Yes","Compression ratio, peak signal to noise ratio, mean square error","Not informed","Yes","No","Not informed","Hybrid Lempel–Ziv–Welch and clipped histogram equalization based medical image compression"
"First-order feature extraction using 6 parameters","Yes","Not informed","No","Classification","Yes","Melanoma","Not informed","4 sets of test images","Not informed","Not informed","Not informed","No","Not informed","No","Accuracy","85.71% accuracy","No","No","Not informed","First-order Feature Extraction Methods for Image Texture and Melanoma Skin Cancer Detection"
"Risk-aware Bayesian deep learning classifier","Yes","New","No","Classification","Yes","Various (7 common skin lesion categories)","HAM10000 dataset","Not informed","Not informed","Not informed","Not informed","Yes (using DenseNet-169 model)","Not informed","Yes","Classification accuracy","90% classification accuracy with hybrid physician-machine workflow","No","No","Not informed","Risk-aware machine learning classifier for skin lesion diagnosis"
"Multi-grid phase field model","Yes","New","Yes","Segmentation","Not informed","Skin tumor","Clinical dataset of 12 images","12","Not informed","Not informed","Comparison with reference methods","Not informed","Not informed","Yes","Sensitivity, Dice index","12% increase in sensitivity, 59% increase in Dice index","No","No","Not informed","Multi-grid phase field skin tumor segmentation in 3D ultrasound images"
"Fuzzy-based classification approach","Yes","New","No","Classification","Yes","Not informed","Not informed","Not informed","Not informed","Not informed","Not informed","Not informed","Not informed","No","Not informed","Not informed","No","No","Not informed","A scheme to classify skin through geographic distribution of tonalities using fuzzy based classification approach"
"Fuzzy Logic and GLCM","Yes","New","Yes","Diagnosis","Yes","Not informed","Not informed","Not informed","Not informed","Not informed","Not informed","No","Not informed","No","Not informed","Good results (implementation section)","No","No","Not informed","Skin Cancer Diagnosis by Using Fuzzy Logic and GLCM"
"Firefly algorithm for rational Bézier border reconstruction","Yes","Not informed","No","Border reconstruction","Not informed","Melanoma","Macroscopic medical images of melanomas","Not informed","Not informed","Not informed","Not informed","Not informed","Not informed","No","Not informed","Not informed","No","No","Not informed","Firefly algorithm approach for rational bézier border reconstruction of skin lesions from macroscopic medical images"
"Not informed","No","Not informed","Not informed","Not informed","Not informed","Not informed","Not informed","Not informed","Not informed","Not informed","Not informed","Not informed","Not informed","No","Not informed","Not informed","No","No","Not informed","Skin Transcriptome of Middle-Aged Women Supplemented With Natural Herbo-mineral Shilajit Shows Induction of Microvascular and Extracellular Matrix Mechanisms"
"i-Rash classification scheme using SqueezeNet","Yes","Adaptation","No","Classification","Yes","Not informed (inflammatory skin lesions)","Skin image dataset (1856 images)","1856","Not informed","Not informed","Not informed","Yes","Not informed","No","Accuracy, Sensitivity, Specificity","97.21% Accuracy, 94.42% Sensitivity, 98.14% Specificity","No","No","Not informed","An intelligent inflammatory skin lesions classification scheme for mobile devices"
"Not informed","Yes","Not informed","Not informed","Classification","Yes","Not informed","Not informed","Not informed","Not informed","Not informed","Not informed","Not informed","Not informed","No","Not informed","Not informed","No","No","Not informed","The Possibility of Deep Learning-Based, Computer-Aided Skin Tumor Classifiers"
"Transfer learning using pre-trained CNN weights","No","Adaptation","Yes","Prediction","Yes","Not informed","ILSVRC library, seismic data","Not informed","Not informed","Transformation of seismic data into pseudo-RGB format","Not informed","Yes","Not informed","No","Not informed","Not informed","No","Yes","Limited amounts of data available for specialized work","Transforming seismic data into pseudo-RGB images to predict CO2 leakage using pre-learned convolutional neural networks weights"
"Style transfer-based image synthesis","Yes","Not informed","No","Classification","Not informed","Not informed","Not informed","Not informed","Not informed","Yes (data augmentation using neural style transfer)","Not informed","Mentioned as a regularization technique, but not used in the proposed approach","Yes (using neural style transfer to generate new images)","No","Not informed","Not informed","No","No","Not informed","Style transfer-based image synthesis as an efficient regularization technique in deep learning"
"DermoDeep","Yes","New","Yes","Classification","Yes","Melanoma","2800 region-of-interest (ROI) PSLs","2800","Yes","Not informed","Not informed","Not informed","Not informed","Yes","Sensitivity, Specificity, Area under the receiver operating characteristics (AUC) curve","AUC: 0.96, SE: 93%, SP: 95%","Yes","No","Not informed","DermoDeep-A classification of melanoma-nevus skin lesions using multi-feature fusion of visual features and deep neural network"
"Hybrid convolutional and recurrent neural networks architecture","Yes","New","Yes","Segmentation (hair removal)","Yes","Melanoma","Towards Melanoma Detection: Challenge dataset","Not informed","Not informed","Not informed","Not informed","Not informed","Not informed","Yes","Jaccard Index, Tumour disturb pattern","77.8% Jaccard Index, 14% Tumour disturb pattern","Yes","No","Not informed","Digital hair segmentation using hybrid convolutional and recurrent neural networks architecture"
"Cross-correlation-based feature extraction","Yes","Not informed","No","Classification","Yes","Various (melanoma, BCC, SK)","Dermoscopic images dataset","Not informed","Not informed","Not informed","Not informed","Not informed","Not informed","No","Sensitivity","98.76% sensitivity for melanoma, 99.01% for nevus, 98.87% for BCC, and 99.41% for SK","No","No","Not informed","Extraction of features from cross correlation in space and frequency domains for classification of skin lesions"
"Modified Gabor filter, gradient operators and morphological segmentation tool","No","Not informed","Yes","Detection","Yes","Lung cancer","Not informed","Not informed","Not informed","Not informed","Not informed","Not informed","Not informed","No","Not informed","Not informed","No","No","Not informed","Lung cancer detection using modified gabor filter, gradient operators and morphological segmentation tool"
"Neural architecture search using network morphism","Yes","New","No","Classification","Not informed","Not informed","Not informed","Not informed","Not informed","Not informed","Not informed","Not informed","Not informed","Yes","Not informed","Comparable results to hand-designed networks","No","No","Not informed","Deep neural network architecture search using network morphism"
"Linear filtering with global thresholding","Yes","Not informed","Yes","Segmentation","Yes","Not informed","ISIC 2016 dataset","Not informed","Not informed","Yes (enhancement, Gaussian filter, morphological open)","Not informed","Not informed","Not informed","No","Accuracy","96.69% accuracy","No","No","Not informed","A linear filtering on automatic decomposition and reconstruction of dermoscopy images using global thresholding"
"Color image processing with Snake algorithm","Yes","Not informed","Yes","Contour extraction","Yes","Melanoma","Not informed","Not informed","Not informed","Yes (separation of RGB channels, maximum entropy threshold segmentation)","Not informed","Not informed","Not informed","No","Not informed","Not informed","No","No","Not informed","Facial spot contour extraction based on color image processing"
"Gradient and Feature Adaptive Contour (GFAC) model","Yes","New","No","Segmentation","Yes","Melanoma","PH2 dataset","Not informed","Not informed","Yes (pre-processing and noise elimination techniques)","Not informed","Not informed","Not informed","Yes","Segmented image, error reduction, efficient feature extraction","Not informed","Yes","No","Not informed","Early Detection of Skin Cancer Using Melanoma Segmentation technique"
"Smartphone microscope for dermatological parameter extraction","Yes","Not informed","No","Parameter extraction","Yes","Not informed","42 skin lesions images","42","Not informed","Segmentation","5-fold cross-validation","Not informed","Not informed","Yes (comparison with portable dermoscope)","Accuracy","100% accuracy with dermoscopic images, 95% accuracy with smartphone images","No","No","Not informed","Automatic Extraction of Dermatological Parameters from Nevi Using an Inexpensive Smartphone Microscope: A Proof of Concept"
"Ensemble of deep learning models (Inception-v4, ResNet-152, DenseNet-161, U-Net, and U-Net with VGG-16 Encoder)","Yes","Adaptation","Yes","Classification and Segmentation","Yes","Melanoma","ISIC 2017 Skin Lesion Analysis Towards Melanoma Detection Challenge dataset","Not informed","Not informed","Data augmentation","Not informed","Yes","Yes","Yes","Classification and segmentation metrics (not specified)","Ranked 5th in classification and 8th in segmentation among international teams","Yes","No","Not informed","Lesion Segmentation and Automated Melanoma Detection using Deep Convolutional Neural Networks and XGBoost"
"U-net based approach","Yes","New","No","Segmentation","Yes","Melanoma","36 digitized histopathological images from two different clinical sites","36","Not informed","Augmentation (extracted and augmented from 36 digitized histopathological images)","End-to-end training","Not informed","Yes (augmented from 36 digitized histopathological images)","Yes","Positive Predictive Value, Sensitivity, Dice Similarity Coefficient, Matthews Correlation Coefficient","Mean Positive Predictive Value at 0.89 ± 0.16, Sensitivity at 0.92 ± 0.1, Dice Similarity Coefficient at 0.89 ± 0.13 and a Matthews Correlation Coefficient at 0.89 ± 0.11","Yes (superior performance when compared to existing techniques)","No","Not informed","A U-net based approach to epidermal tissue segmentation in whole slide histopathological images"
"Machine learning classifier for periodontal inflammation segmentation","No","Not informed","Yes","Segmentation and correlation with systemic health","Yes","Not informed","Intraoral fluorescent images dataset (1215 images, 284 subjects)","1215","Not informed","Not informed","Not informed","Not informed","Not informed","No","AUC, precision, recall","AUC of 0.677, precision of 0.271, recall of 0.429","No","No","Not informed","Automated Process Incorporating Machine Learning Segmentation and Correlation of Oral Diseases with Systemic Health"
"CNN-based ensemble methods (VGG19-UNet, DeeplabV3+)","Yes","Adaptation","Yes","Segmentation","Yes","Melanoma","ISIC 2018 challenge dataset","2,594","Not informed","Yes (preprocessing methodologies)","Train/Test Split (80% training, 20% validation)","Not informed","Not informed","No","Accuracy, Jaccard Index, Dice Coefficient","93.6% Accuracy, 0.815 Average Jaccard Index, 0.887 Dice Coefficient","No","No","Not informed","Deep Learning Ensemble Methods for Skin Lesion Analysis towards Melanoma Detection"
"Deep learning with conditional random fields","Yes","Not informed","Yes","Segmentation","Yes","Skin cancer","New clinical dataset collected using smartphones","Not informed","Not informed","Color space combination","Not informed","Not informed","Not informed","No","Not informed","Not informed","No","No","Ground truth images affect the final segmentation","Skin lesion segmentation using deep learning for images acquired from smartphones"
"Convolutional Neural Network (CNN)","No","Not informed","Yes","Segmentation","Yes","Not applicable (diabetic wound)","Not informed","42","Not informed","Yes (artifact removal)","Not informed","Not informed","Not informed","No","Segmentation accuracy, Dice index","Not informed","No","No","Not informed","Diabetic Wound Segmentation using Convolutional Neural Networks"
"Integrated HMF Multi-Atlas Map Based Segmentation","Yes","New","Yes","Diagnosis","Yes","Melanoma","Not informed","Not informed","Not informed","Not informed","Not informed","Not informed","Not informed","Yes","Segmentation accuracy, sensibility, specificity, cost function","Maximum segmentation accuracy, sensibility, specificity and minimum cost function","Yes","No","Not informed","An Efficient Melanoma Diagnosis Approach Using Integrated HMF Multi-Atlas Map Based Segmentation"
"DCNN with Transfer Learning","No","Adaptation","Yes","Classification","Yes","Not informed","Real tactile dataset","Not informed","Not informed","Yes (3D tensorial data transformed into 2D images)","Not informed","Yes","Not informed","Yes","Classification results","Outperformed existing literature results","Yes","No","Not informed","DCNN for Tactile Sensory Data Classification based on Transfer Learning"
"Two schemes for automated diagnosis of lentigo","Yes","Not informed","Yes","Classification","Yes","Lentigo (Benign and Malignant)","Reflectance Confocal Microscopy images","Not informed","Not informed","Not informed","Not informed","Yes","Not informed","Yes (Wavelets, Haralick and CNN through Transfer Learning)","Not informed","Not informed","No","No","Not informed","Two schemes for automated diagnosis of lentigo on confocal microscopy images"
"Pertinent feature extraction based on ABCD rule","Yes","Not informed","No","Diagnosis","Yes","Melanoma","Dermoscopy images dataset","Not informed","Not informed","Not informed","Not informed","Not informed","Not informed","No","Accuracy, Sensitivity, Specificity","98% classification accuracy, 97.5% sensitivity, 98.75% specificity","No","No","Not informed","A Computational Approach to Pertinent Feature Extraction for Diagnosis of Melanoma Skin Lesion"
"K-means clustering and hybrid classification model (GA-ANN)","Yes","New","Yes","Classification","Yes","Not informed","Dermoscopic image dataset","Not informed","Not informed","Yes","Not informed","No","Not informed","Yes","Accuracy, performance","Not informed","No","No","Not informed","Analysis of skin cancer using k-means clustering and hybrid classification model"
"Modified MobileNet","Yes","Adaptation","No","Classification","Yes","Not informed","HAM10000 dataset","10,000","Not informed","Data up-sampling and data augmentation","Not informed","Yes","Yes","Yes","Accuracy, specificity, sensitivity, F1-score","Not informed","No","No","Not informed","Convolutional Neural Networks Using MobileNet for Skin Lesion Classification"
"Image processing and classification method","Yes","Not informed","No","Classification","Yes","Not informed","Not informed","Not informed","Not informed","Yes (segmentation of spots with distinct color)","Not informed","Not informed","Not informed","No","Accuracy","Good accuracy (not specified)","No","Yes (plant disease and skin disorder datasets)","Not informed","Image Processing and Classification Method Appropriate for Extensible Mobile Applications"
"Hybrid feature extraction approach using ABCD rule, GLCM, LBP, and BPN","Yes","New","Yes","Classification","Yes","Melanoma","Not informed","Not informed","Not informed","Yes (RGB to HSV)","Not informed","No","Not informed","No","Not informed","Not informed","No","No","Not informed","A hybrid feature extraction approach for the detection of melanoma using neural network"
"Mobile application for skin disease detection","Yes","Not informed","Yes","Classification","Yes","Not informed","Not informed","Not informed","Not informed","Yes","Not informed","Not informed","Not informed","No","Not informed","Not informed","No","No","Not informed","Technical research on skin deficiencies using medical image processing applications"
"GAN-based data augmentation","Yes","Not informed","Yes","Classification","Not informed","Not informed","Not informed","Not informed","Not informed","Not informed","Not informed","Not informed","Yes (GAN-based)","Yes","Not informed","Not informed","No","No","Not informed","Skin Lesion Classification Using GAN based Data Augmentation"
"Fine-tuned pre-trained CNN models","Yes","Adaptation","Yes","Classification","Yes","Not informed","HAM10000 dataset","Not informed","Not informed","Not informed","Not informed","Yes","Not informed","No","Accuracy, F-score","82.8% Accuracy, 0.7 Average F-score","No","No","Not informed","Deep Learning Diagnosis of Pigmented Skin Lesions"
"Convolutional Neural Network (CNN) model","Yes","Not informed","No","Prediction","Yes","Not informed","Not informed","Not informed","Not informed","Not informed","Not informed","Not informed","Not informed","No","Not informed","Not informed","No","No","Not informed","Convolutional neural network model for predicting skin based diseases and evaluation of risk assessment"
"Content-based image retrieval (CBIR) with deep classification features","Yes","Not informed","Yes","Classification","Yes","Malignant lesion","Three retrospectively collected image datasets (888, 2750 and 16,691 images)","Not informed","Not informed","Not informed","Not informed","Not informed","Not informed","Yes (softmax predictions)","Area under the receiver operating characteristic curve (AUC), multiclass-accuracy, mean average precision (mAP)","AUC values: 0.842, 0.806 and 0.852","No","Yes (three datasets)","Not informed","Diagnostic accuracy of content-based dermatoscopic image retrieval with deep classification features"
"Two-stage approach with U-Net and FuzzEdge","Yes","New","Yes","Border detection","Yes","Not informed","Not informed","Not informed","Not informed","Not informed","Comparison with manual border drawings","Not informed","Not informed","Yes","Dice similarity","87.7% average Dice similarity","No","No","Not informed","A Deep Learning Based Approach to Skin Lesion Border Extraction with a Novel Edge Detector in Dermoscopy Images"
"Amalgamation of statistical features, GLCM features and GLRLM features","Yes","Not informed","Yes","Diagnosis","Yes","Not informed","PH2 database","100","Not informed","Yes (Otsu’s thresholding and Region growing)","Not informed","Not informed","Not informed","No","Sensitivity, specificity, accuracy, precision, recall, f-measure","Not informed","No","No","Not informed","Improved technique to diagnose skin cancer using advanced image processing and machine learning techniques"
"Parallel Skin framework","Yes","New","Yes","Dermatological analysis","Not informed","Not informed","Not informed","Not informed","Not informed","Not informed","Not informed","Not informed","Yes (data generation)","No","Not informed","Not informed","No","No","Need for large labeled medical data, limited interpretability","Parallel Skin: A Vision-Based Dermatological Analysis Framework; [平行皮肤:基于视觉的皮肤病分析框架]"
"Deep learning architectures (VGG16, TernausNet, DeepLabV3+)","Yes","New","No","Segmentation","Yes","Melanoma","Not informed","Not informed","Not informed","Not informed","Not informed","Yes (pre-trained VGG16 encoder)","Not informed","Yes","Jaccard Index","0.876 Jaccard Index score (DeepLabV3+)","No","No","Not informed","Skin lesion segmentation with deep learning"
"Deep learning with high-level position information","Yes","Not informed","No","Classification","Yes","Not informed","SD-198-P dataset","6584","Not informed","Not informed","Not informed","Not informed","Not informed","Yes","Not informed","Outperforms state-of-the-art methods","Yes","No","Not informed","Automatic classification of clinical skin disease images with additional high-level position information"
"CAD system for burn classification","Yes","Not informed","No","Classification and Segmentation","Yes","Not applicable (burn injuries)","Dataset of burnt skin images from Allied Hospital Faisalabad, Pakistan","Not informed","Not informed","Yes (Otsu method of thresholding for segmentation and image enhancement)","Not informed","Not informed","Not informed","No","Accuracy","74.86% accuracy using multiple classifiers","No","No","Not informed","Computer Aided Diagnosis (CAD) for Segmentation and Classification of Burnt Human skin"
"Feature extraction using ABCD rule and artificial neural network","Yes","Not informed","Yes","Classification","Yes","Melanoma","Not informed","Not informed","Not informed","Yes (Dull-Razor algorithm for hair removal, Otsu and Chan-Vese algorithms for segmentation)","Not informed","Not informed","Not informed","No","Classification accuracy, sensitivity, specificity","98.2% overall classification accuracy, 98% sensitivity, 98.2% specificity","No","No","Not informed","Feature extraction from dermoscopy images for melanoma diagnosis"
"C-UNet","Yes","New","Yes","Segmentation","Yes","Melanoma","Not informed","Not informed","Not informed","Not informed","Not informed","Yes (fine-tune technique)","Not informed","Yes (compared with UNet)","Accuracy","Not informed","No","No","Not informed","Skin Lesion Segmentation with C-UNet"
"PsLSNet: Modified U-Net-based fully convolutional network","Yes","Adaptation","No","Segmentation","Yes","Psoriasis","5241 images of psoriasis lesions from 1026 patients","5241","Not informed","Not informed","Not informed","Not informed","Not informed","Yes","Dice coefficient, accuracy, sensitivity, specificity","93.03% Dice coefficient, 94.80% accuracy, 89.60% sensitivity, 97.60% specificity","Yes","No","Not informed","PsLSNet: Automated psoriasis skin lesion segmentation using modified U-Net-based fully convolutional network"
"U-Net and Mask R-CNN","Yes","Not informed","No","Segmentation","Yes","Melanoma","ISIC 2017 dataset","Not informed","Not informed","Not informed","Not informed","Not informed","Not informed","Yes","Not informed","Mask R-CNN outperformed U-Net","No","No","Not informed","A Brief Analysis of U-Net and Mask R-CNN for Skin Lesion Segmentation"
"Not informed","Yes","Not informed","Not informed","Survey of cancer detection using deep learning","Not informed","Various (breast, lung, brain, skin)","Not informed","Not informed","Not informed","Not informed","Not informed","Not informed","Not informed","No","Not informed","Not informed","No","No","Not informed","Study of detection of various types of cancers by using deep learning: A survey"
"Multi-tree Genetic Programming","Yes","New","Yes","Classification","Yes","Melanoma","Two benchmark skin image datasets","Not informed","Not informed","Not informed","Not informed","Not informed","Not informed","Yes","Not informed","Not informed","Yes","Yes","Not informed","Multi-tree Genetic Programming with A New Fitness Function for Melanoma Detection"
"Multi-model deep neural network with kurtosis controlled principle component (KcPCA) based optimal features selection","Yes","Adaptation","Yes","Classification","Yes","Melanoma","HAM10000, ISBI 2017, and ISBI 2016 datasets","Not informed","Not informed","Not informed","Not informed","Yes","Not informed","No","Accuracy","95.60% accuracy on ISBI 2017 dataset","Yes","Yes","Not informed","Multi-model deep neural network based features extraction and optimal selection approach for skin lesion classification"
"Convolutional Neural Network (CNN) classifier","Yes","Not informed","No","Classification","Yes","Melanoma","ISBI 2016 challenge test data","379","Not informed","Not informed","Not informed","Not informed","Not informed","Yes","Average precision, Area under the receiver operating curve (AUC-ROC)","0.709 average precision, 0.85 AUC-ROC","Yes","No","Not informed","Enhanced classifier training to improve precision of a convolutional neural network to identify images of skin lesions"
"Convolutional Neural Network (CNN)","Yes","Not informed","No","Classification","Yes","Skin cancer","Dataset of skin cancer images (10,015 images)","10,015","Not informed","Not informed","Not informed","Yes (pre-trained model)","Not informed","No","Not informed","Not informed","No","No","Latency, privacy concerns with cloud-based approach","Machine learning on mobile: An on-device inference app for skin cancer detection"
"HSV Model with automatic threshold segmentation","Yes","Not informed","No","Segmentation","Yes","Not informed","PH2 dataset, ISIC 2016 Dataset","Not informed","Not informed","Yes (Gaussian filtering, Histogram equalization)","Not informed","Not informed","Not informed","Yes","Accuracy","96% accuracy for PH2 dataset, 95% for ISIC 2016 Dataset","No","Yes","Not informed","An Automatic Threshold Segmentation and Mining Optimum Credential Features by Using HSV Model"
"Deep learning-based tools for data purification and augmentation","Yes","Not informed","Yes","Classification","Yes","Melanoma","Not specified","Not informed","No","Yes (removing image occlusions)","Not informed","Not informed","Yes (using generative adversarial networks)","Yes","Not specified","Superior performance over common baselines","No","No","Small, imbalanced datasets with occlusions","Towards automated melanoma detection with deep learning: Data purification and augmentation"
"Deep Metric Learning Enhanced Neural Network (DMLEN)","Yes","New","Yes","Segmentation","Yes","Not informed","Two datasets (not specified)","Not informed","Not informed","Not informed","Not informed","Not informed","Not informed","Yes","MAE (Mean Absolute Error)","Decreases MAE by at least 3% compared to previous methods","Yes","Yes","Not informed","An Enhanced Neural Network Based on Deep Metric Learning for Skin Lesion Segmentation"
"Sampling with level set (SLS-CT)","Yes","New","Yes","Segmentation","Yes","Melanoma","Not informed","Not informed","Not informed","Yes (hair and black frame removal, Otsu thresholding, entropy maximization)","Not informed","Not informed","Not informed","Yes","Accuracy","Not informed","Yes","Yes","Not informed","Sampling with level set for pigmented skin lesion segmentation"
"Kernelized manifold mapping","Yes","New","No","Adversarial robustness","Yes","Not informed","ISBI ISIC 2017 skin lesion segmentation dataset","Not informed","Not informed","Not informed","Not informed","Not informed","Not informed","Yes","Robustness to adversarial perturbations","Increased resilience to adversarial perturbations without accuracy drop on clean data","Yes","Yes (MNIST, ISBI ISIC 2017 skin lesion segmentation, and NIH Chest X-Ray-14)","Not informed","A kernelized manifold mapping to diminish the effect of adversarial perturbations"
"Improved U-net","Yes","Adaptation","No","Segmentation","Yes","Melanoma","2017 ISIC Challenge dataset","Not informed","Not informed","Not informed","Not informed","Not informed","Not informed","Yes","Not informed","State-of-the-art performance","Yes","No","Not informed","Skin Lesion Segmentation Based on Improved U-net"
"Not informed","Yes","Not informed","No","Monitoring","Not informed","Various (BCC, SCC, Melanoma)","Not informed","Not informed","Not informed","Not informed","Not informed","Not informed","Not informed","No","Not informed","Not informed","No","No","Not informed","Skin Cancer Monitoring Project"
"Deep attention model for hierarchical diagnosis","Yes","New","Yes","Classification","Yes","Not informed","ISIC 2017 and ISIC 2018 datasets","Not informed","Not informed","Not informed","Not informed","Not informed","Not informed","No","Not informed","Not informed","No","Yes","Not informed","Deep attention model for the hierarchical diagnosis of skin lesions"
"Multilayer Feed-Forward Artificial Neural Networks","Yes","Not informed","Yes","Classification","Yes","Melanoma","Not informed","Not informed","Not informed","Not informed","Not informed","No","Not informed","Yes","Accuracy","93.7% Accuracy","No","No","Not informed","Performance analysis of low-level and high-level intuitive features for melanoma detection"
"Comparison of deep learning architectures","Yes","Not informed","No","Detection","Yes","Melanoma","Not informed","Not informed","Not informed","Yes","Not informed","Not informed","Yes (horizontal and vertical flipping)","Yes","Accuracy","Not informed","Yes","No","Not informed","A comparative study of deep learning architectures on melanoma detection"
"Morphological Geodesic Active Contour (MGAC) segmentation","Yes","New","No","Segmentation","Not informed","Not informed","PH2 dermoscopic images database","Not informed","Not informed","Not informed","Not informed","No","Not informed","Yes","Jaccard Index, Dice coefficient, Matthew correlation coefficient, sensitivity, specificity, accuracy, F-measure","86.16% Jaccard Index, 92.09% Dice coefficient, 87.52% Matthew correlation coefficient, 91.72% sensitivity, 97.99% specificity, 94.59% accuracy, 93.82% F-measure","Yes","No","Not informed","Automatic skin lesions segmentation based on a new morphological approach via geodesic active contour"
"Digital image processing for thermographic images","Yes","Not informed","No","Characterization","Yes","Squamous cell carcinomas and melanomas","Thermographic images of skin cancer lesions","Not informed","Not informed","Yes (identification of areas of interest, color segmentation, quantitative discrimination according to color tonality and analysis by histograms)","Not informed","Not informed","Not informed","No","Not informed","Lesions with skin cancer have values in the red component above 100 under the RGB color space","No","No","Not informed","Characterization of thermographic images of skin cancer lesions using digital image processing"
"Neural Network-based boundary detection","Yes","Not informed","No","Boundary detection","Yes","Not informed","Freely available pictures","Not informed","Not informed","Not informed","Not informed","Not informed","Not informed","No","Not informed","Not informed","No","No","Not informed","Skin lesion boundary detection with neural networks on iOS devices"
"Levels Propagation Approach (LPA)","No","New","No","Segmentation","Not informed","Breast tumor","RIDER breast tumor dataset, CMH-LIMED breast tumor dataset","Not informed","Not informed","Not informed","Not informed","Not informed","Not informed","Yes","Not informed","Competitive results to state-of-the-art methods","Yes","Yes","Not informed","Levels Propagation Approach to Image Segmentation: Application to Breast MR Images"
"CNN with filter-based input augmentation","Yes","Adaptation","Yes","Classification","Yes","Not informed","Not informed","Not informed","Not informed","Yes (filter-based augmentation)","Not informed","Yes","Yes (using mid-level computer vision filters)","Yes","Classification accuracy","Not informed","No","No","Not informed","Improving the performance of convolutional neural network for skin image classification using the response of image analysis filters"
"Not informed","Yes","Not informed","No","Review of segmentation and classification methods","Not informed","Not informed","Not informed","Not informed","Not informed","Not informed","Not informed","Not informed","Not informed","Yes","Not informed","Not informed","No","No","Not informed","Various Types of Skin Tumors Lesion Medical Imaging (STLMI) of Healthy and Unhealthy Moles a Review and Computational of: Segmentation, Classification, Methods and Algorithms"
"Multi-stride fully convolutional network (FCN) architecture","Yes","New","No","Segmentation","Yes","Cutaneous melanoma","Curated dataset of 50 patient cases (WSIs)","50","Not informed","Not informed","Not informed","Not informed","Not informed","Yes","Standard metrics (not specified)","Diagnostically equivalent to ground truth measurements","No","No","Dermis segmentation requires improvement","Segmentation of prognostic tissue structures in cutaneous melanoma using whole slide images"
"Genetic based clustering algorithm","No","New","Yes","Segmentation","Yes","Not informed","Not informed","Not informed","Not informed","Yes (L*a*b color space conversion)","Not informed","Not informed","Not informed","No","Not informed","Not informed","No","No","Not informed","An implementation of novel genetic based clustering algorithm for color image segmentation"
"Hybrid Deep Neural Networks","Yes","New","Yes","Classification","Yes","Melanoma, Seborrheic keratosis","ISIC 2017 dataset","150 (validation images)","Not informed","Not informed","Not informed","Yes","Not informed","No","Area under receiver operating characteristic curve (AUC-ROC)","83.83% AUC-ROC for melanoma, 97.55% AUC-ROC for seborrheic keratosis","No","No","Not informed","Skin Lesion Classification Using Hybrid Deep Neural Networks"
"Convolutional Neural Network (CNN) for texture classification","Yes","Not informed","Yes","Classification","Yes","Melanoma","Not informed","Not informed","Not informed","Yes (segmentation and multi-scale decomposition)","Not informed","Not informed","Not informed","Yes","Accuracy","Higher accuracy compared to other approaches","Yes","No","Not informed","Texture classification of skin lesion using convolutional neural network"
"Adaptive thresholding with normalization of color models","Yes","Not informed","No","Segmentation","Yes","Melanoma","ISIC dataset","Not informed","Not informed","Yes (normalization of color models)","Not informed","No","Not informed","Yes (Otsu segmentation method)","Dice score, Jaccard scores","Not informed","No","No","Not informed","A skin lesion segmentation method for dermoscopic images based on adaptive thresholding with normalization of color models"
"Gray-Level Co-Occurrence Matrix (GLCM) based Approach","Yes","Not informed","No","Classification","Yes","Melanoma","Not informed","Not informed","Not informed","Not informed","Not informed","Not informed","Not informed","Yes","Accuracy, Sensitivity, Specificity","99.02% Accuracy","Yes","No","Not informed","An Efficient Gray-Level Co-Occurrence Matrix (GLCM) based Approach Towards Classification of Skin Lesion"
"Convolutional neural network (CNN) model","Yes","New","No","Segmentation and measurement of Proliferation Index (PI)","Yes","Melanoma","Ki-67 stained biopsy images","Not informed","Not informed","Not informed","Not informed","Not informed","Not informed","No","Error rate","Average error rate less than 0.7%","No","No","Not informed","Automated Melanoma Staging in Lymph Node Biopsy Image using Deep Learning"
"Edge detector-based automatic segmentation","Yes","Not informed","Yes","Segmentation","Yes","Not informed","3T MRI dataset (35 healthy subjects)","Not informed","Not informed","Yes (T2 map generation, Canny filter)","Comparison with manual measurements","Not informed","Not informed","No","Correlation coefficient (ρ), Dice index, Hausdorff distance","Strong correlation between automatic and manual measurements (ρ: 0.905 for T2 values, ρ: 0.8663 for thickness measurements)","No","No","Failure rate of the algorithm was below 5%, computation time was 139.12s","Edge detector-based automatic segmentation of the skin layers and application to moisturization in high-resolution 3 Tesla magnetic resonance imaging"
"Combination of LDA and deep learning features","Yes","Not informed","Yes","Classification","Yes","Melanoma","Not informed","Not informed","Not informed","Not informed","Not informed","Yes","Not informed","No","Various metrics (not specified)","Not informed","No","No","Not informed","Optimised deep learning features for improved melanoma detection"
"Multi-stage UNets (MS-UNet) with context information fusion structure","Yes","New","Yes","Segmentation","Yes","Melanoma","ISBI 2016 Skin Lesion Challenge dataset","Not informed","Not informed","Not informed","Not informed","Not informed","Not informed","Yes","Jaccard index, Dice coefficient","Outperforms state-of-the-art deep learning based methods","Yes","No","Not informed","A multi-stage framework with context information fusion structure for skin lesion segmentation"
"Convolutional Neural Network (CNN)","Yes","Not informed","No","Classification","Yes","Melanoma","Publicly available dataset (not specified)","Not informed","Not informed","Segmentation of dermoscopic images","Not informed","Not informed","Not informed","No","Accuracy, Training Accuracy","89.5% accuracy, 93.7% training accuracy","No","No","Not informed","Skin cancer detection using convolutional neural network"
"Not informed","Yes","Not informed","Not informed","Survey of feature extraction methods","Yes","Melanoma, skin cancer","Not informed","Not informed","Not informed","Not informed","Not informed","Not informed","Not informed","No","Not informed","Not informed","No","No","Not informed","A Survey of Feature Extraction in Dermoscopy Image Analysis of Skin Cancer"
"GTCM (Gray-Texture-Covariance-measure) based approach","Yes","New","Yes","Classification","Yes","Melanoma","Not informed","Not informed","Not informed","Yes (multi-level gray filters)","Not informed","Not informed","Not informed","No","Not informed","Not informed","No","No","Not informed","GTCM based skin lesion melanoma disease detection approach for optimal classification of medical images"
"Deep convolutional encoder-decoders with aggregated multi-resolution skip connections","Yes","New","Yes","Segmentation","Yes","Melanoma","ISIC 2018 dataset","Not informed","Not informed","Not informed","Not informed","Not informed","Not informed","Yes (U-Net)","Jaccard index","0.837 Jaccard index","No","No","Not informed","Deep convolutional encoder-decoders with aggregated multi-resolution skip connections for skin lesion segmentation"
"Not informed","Yes","Not informed","No","Survey of early detection methods","Not informed","Melanoma","Not informed","Not informed","Not informed","Not informed","Not informed","Not informed","Not informed","No","Not informed","Not informed","No","No","Not informed","A Survey work on Early Detection methods of Melanoma Skin Cancer"
"Adaptive OTSU Thresholding hardware (AOTh)","Yes","New","No","Segmentation","Not informed","Melanoma and non-melanoma","Benchmark images","Not informed","Not informed","Thresholding","Not informed","Not informed","Not informed","No","Jaccard coefficient, CPU time","Not informed","No","No","Not informed","A hardware implementation of OTSU thresholding method for skin cancer image segmentation"
"Clinically oriented Computer-Aided Diagnostic (CAD) system","Yes","New","Yes","Detection","Yes","Melanoma","ISBI and PH2 datasets","Not informed","Not informed","Chroma based deformable models for lesion localization","Quantitative analysis","Not informed","Not informed","No","Accuracy, Sensitivity, Specificity","88% accuracy (ISBI), 97% accuracy (PH2), 95% sensitivity (ISBI), 97% sensitivity (PH2), 82% specificity (ISBI), 100% specificity (PH2)","No","Yes","Not informed","Automated detection of melanocytes related pigmented skin lesions: A clinical framework"
"New method for border irregularity assessment","Yes","Not informed","No","Border irregularity assessment","Yes","Melanoma","25 skin whole slide images of common melanocytic lesions","25","Not informed","Not informed","Not informed","Not informed","Not informed","No","Jaccard similarity coefficient, detection accuracy","0.798 Jaccard similarity coefficient, 83% detection accuracy","No","No","Not informed","A new approach to border irregularity assessment with application in skin pathology"
"Object Scale-Oriented Fully Convolutional Neural Networks (OSO–FCNs)","Yes","Adaptation","No","Segmentation","Yes","Melanoma","ISIC2016 dataset","Not informed","Not informed","Simple preprocessing","Not informed","Yes (pre-trained VGG-16)","Not informed","Yes","Segmentation accuracy","Higher or very close to state-of-the-art algorithms","Yes","No","Not informed","Skin lesion segmentation using object scale-oriented fully convolutional neural networks"
"Multi-scale contrast based skin lesion segmentation","Yes","New","No","Segmentation","Yes","Melanoma","Two standard datasets (not specified)","Not informed","Not informed","Decomposition of the image into superpixels","Not informed","No","Not informed","Yes","Segmentation rates","High segmentation rates (outperforms some recent state-of-the-art methods)","Yes","Yes","Not informed","Multi-scale contrast based skin lesion segmentation in digital images"
"Integrated FrCN and ResNet-50 model","Yes","New","Yes","Segmentation and Classification","Yes","Melanoma","ISIC 2017 challenge dataset","Not informed","Not informed","Not informed","Not informed","Yes (ResNet-50)","Not informed","No","Accuracy, Jaccard similarity index, F1-score","94.03% segmentation accuracy, 77.11% average Jaccard similarity index, 81.57% classification accuracy, 75.75% F1-score","No","No","Not informed","A Deep Learning Model Integrating FrCN and Residual Convolutional Networks for Skin Lesion Segmentation and Classification"
"Adversarial networks with U-net segmentation network","Yes","New","Yes","Segmentation","Yes","Melanoma","PH2 dataset and ISBI 2016 challenge dataset","Not informed","Not informed","Not informed","Not informed","Not informed","Not informed","Yes","Average accuracy, Dice coefficient","0.97 average accuracy, 0.94 Dice coefficient","Yes","Yes","Not informed","Segmentation of dermoscopy image using adversarial networks"
"Digital processing of optical images","Yes","Not informed","No","Classification","Yes","Melanoma","360 digital images of in vivo skin pigment lesions","360","Not informed","Calibration using a standard for color and spatial calibration","Not informed","Not informed","Not informed","No","Sensitivity, Specificity","97% Sensitivity, 95% Specificity","No","No","Not informed","Differentiation of Pigmented Skin Lesions Based on Digital Processing of Optical Images"
"Local edge-enhanced active contour","Yes","New","No","Segmentation","Yes","Not informed","Dermoscopic images dataset (with ground truth borders)","Not informed","Not informed","Not informed","Comparison with other methods","Not informed","Not informed","Yes","Dice score, Jaccard score","0.886 ±0.094 Dice score, 0.807 ±0.133 Jaccard score","Yes","No","Not informed","Local edge-enhanced active contour for accurate skin lesion border detection"
"Not informed","Yes","Not informed","No","Dermoscopic feature analysis","Yes","Not informed (psoriasis)","Not informed","Not informed","Not informed","Not informed","Not informed","Not informed","Not informed","No","Not informed","Not informed","No","No","Not informed","Dermoscopic features of psoriasis of the skin, scalp and nails – a systematic review"
"Melanoma Classification System","Yes","Not informed","No","Classification","Yes","Melanoma","Not informed","Not informed","Not informed","Not informed","Not informed","Not informed","Not informed","No","Not informed","Not informed","No","No","Not informed","Melanoma Classification and Birthmark Mole Detection on Clinical Images"
"Stacked Adversarial Learning","Yes","New","Yes","Segmentation","Yes","Melanoma","ISIC 2017 skin lesion segmentation challenge dataset","Not informed","Not informed","Not informed","Not informed","Not informed","Yes (increasing feature diversity)","Yes","Not informed","More accurate and robust than state-of-the-art methods","Yes","No","Not informed","Improving skin lesion segmentation via stacked adversarial learning"
"Fully Convolutional Neural Network","Yes","New","No","Detection of clinical dermoscopic features","Yes","Melanoma","ISIC-ISBI dataset","Not informed","Not informed","Not informed","Not informed","Not informed","Not informed","Yes","Area under the receiver operator characteristic curve (AUC-ROC) score, Fuzzy Jaccard Index","0.895% AUC-ROC score","Yes","No","Current metrics used to rank models may not well capture the efficacy of the model","Fully Convolutional Neural Networks to Detect Clinical Dermoscopic Features"
"Dense Deconvolutional Network (DDN)","Yes","New","Yes","Segmentation","Yes","Not informed","ISBI 2016 and 2017 skin lesion challenge datasets","Not informed","Not informed","Not informed","Not informed","Not informed","Not informed","Yes","Not informed","Not informed","Yes","Yes","Not informed","Dense Deconvolutional Network for Skin Lesion Segmentation"
"Superpixels-based skin lesion segmentation and registration","Yes","New","Yes","Segmentation and Registration","Yes","Not informed","ISIC 2017 challenge dataset","Not informed","Not informed","Not informed","Not informed","Not informed","Not informed","Yes","Not informed","Best reported results for ISIC 2017 challenge dataset","Yes","No","Not informed","Accurate Segmentation and Registration of Skin Lesion Images to Evaluate Lesion Change"
"Convolutional Neural Network","Yes","Not informed","No","Classification","Yes","Melanoma","Not informed","Not informed","Not informed","Yes","Not informed","Not informed","Not informed","No","Classification accuracy","Not informed","No","No","Not informed","Automatic Diagnosis of Skin Cancer Using Neural Networks"
"Ensemble modeling using Feedforward Neural Network, KNN, LeNet-5 CNN, and VGG-11 CNN","Yes","New","Yes","Classification","Yes","Melanoma","ISIC Archive dataset","Not informed","Not informed","Yes (hair removal)","Not informed","Not informed","Not informed","No","Not informed","Not informed","No","No","Not informed","Real-time recognition of malignant skin lesions using ensemble modeling"
"SDI+ Algorithm","Yes","New","Yes","Segmentation","Not informed","Malignant skin lesions","ISIC 2017 dataset","Not informed","Not informed","Yes (pre-processing of artifacts)","Not informed","No","Not informed","Yes","Accuracy","Not informed","Yes","No","Not informed","SDI+: A Novel Algorithm for Segmenting Dermoscopic Images"
"New color augmentation method","Yes","Not informed","Yes","Segmentation","Not informed","Not informed","Histological images of human skin","Not informed","Not informed","Yes (color augmentation)","Not informed","Not informed","Yes (new color augmentation method and geometric transformation)","No","Not informed","Not informed","No","No","Not informed","A new color augmentation method for deep learning segmentation of histological images"
"Automated Melanoma Classification using YCbCr color space, k-means clustering, and texture features","Yes","Not informed","Yes","Classification","Yes","Melanoma","Not informed","Not informed","Not informed","Yes (YCbCr color space for segmentation and detection of skin color)","Not informed","Not informed","Not informed","Yes (SVM, ANN, R-F classifier)","Accuracy","90% accuracy using R-F classifier","No","No","Not informed","Automated Melanoma Types and Stages Classification for dermoscopy images"
"Robust learning framework with online uncertainty sample mining and sample re-weighting","Yes","New","Yes","Classification","Not informed","Melanoma","Not informed","Not informed","Not informed","Not informed","Not informed","Not informed","Not informed","No","Not informed","Not informed","No","No","Not informed","Robust learning at noisy labeled medical images: Applied to skin lesion classification"
"Multi-task U-Net","Yes","New","Yes","Segmentation and Classification","Yes","Melanoma","ISIC 2018 Challenges task 2 dataset","Not informed","Not informed","Not informed","Not informed","Not informed","Not informed","Yes","Jaccard index","0.433 Jaccard index","Yes","No","Not informed","Lesion attributes segmentation for melanoma detection with multi-task u-net"
"Lymph node segmentation and proliferation index measurement","Yes","New","Yes","Segmentation and measurement","Yes","Melanoma","Biopsy images (76 images)","76","Not informed","Not informed","Not informed","Not informed","Not informed","No","Accuracy, error rate","90% accuracy, average error rate of less than 1.5%","No","No","Not informed","Novel lymph node segmentation and proliferation index measurement for skin melanoma biopsy images"
"ABCD rule and pre-trained CNNs","Yes","Not informed","Yes","Classification","Yes","Melanoma","New database joining two distinct databases","Not informed","Not informed","Not informed","Not informed","Yes","Not informed","No","Accuracy rate, Kappa index","94.9% accuracy rate, 89.2% Kappa index","No","No","Not informed","ABCD rule and pre-trained CNNs for melanoma diagnosis"
"Multivariate statistical tests","Yes","Not informed","No","Classification","Yes","Melanoma","Not informed","Not informed","Not informed","Segmentation of region of interest","Not informed","No","Not informed","No","Average correct classification","Up to 92.67% average correct classification","No","No","Not informed","Melanoma image classification based on color, shape, and texture features using multivariate statistical tests"
"Enhanced Convolutional-Deconvolutional Networks","Yes","New","Yes","Segmentation","Yes","Melanoma","ISBI 2017 skin lesion segmentation challenge dataset","2600 (2000 training, 600 testing)","Not informed","Yes (color information from multiple color spaces)","Not informed","Not informed","Not informed","Yes","Jaccard Index","0.765 average Jaccard Index","Yes (ranked 1st among 21 submissions)","No","Not informed","Improving Dermoscopic Image Segmentation With Enhanced Convolutional-Deconvolutional Networks"
"Not informed","Yes","Not informed","No","Detection","Not informed","Melanoma","Multiple databases (PubMed, AJCC, PH2, EDRA, ISIC melanoma project)","Not informed","Not informed","Not informed","Not informed","Not informed","Not informed","No","Diagnostic accuracy","Not informed","No","Yes","Diagnostic accuracy is a major issue, cannot replace clinical experience and biopsy procedures","Recent advancement in the early detection of melanoma using computerized tools: An image analysis perspective"
"Multiple Instance Learning (MIL) framework","Yes","New","No","Detection","Yes","Melanoma","Not informed","Not informed","Not informed","Not informed","Not informed","Not informed","Not informed","Yes","Not informed","Outperformed state-of-the-art techniques","Yes","No","Not informed","Learning to Detect Blue-White Structures in Dermoscopy Images With Weak Supervision"
"Hierarchical deep learning architecture","Yes","New","No","Classification","Yes","Not informed","Not informed","Not informed","Not informed","Not informed","Not informed","Not informed","Not informed","No","Not informed","Not informed","No","No","Not informed","Deep learning for skin cancer diagnosis with hierarchical architectures"
"Deep learning with transfer learning","Yes","Adaptation","No","Classification","Yes","Not informed","Not informed","Not informed","Not informed","Not informed","Not informed","Yes","Not informed","No","Accuracy","81.67% accuracy for 3 classes, 77.50% accuracy for 4 classes, 76.00% accuracy for 5 classes","No","No","Not informed","IMAGE CLASSIFICATION OF PRIMARY MORPHOLOGICAL ELEMENTS OF SKIN LESIONS; [КЛАССИФИКАЦИЯ ИЗОБРАЖЕНИЙ ПЕРВИЧНЫХ ЭЛЕМЕНТОВ КОЖНОЙ СЫПИ]"
"DermaKNet","Yes","New","Yes","Diagnosis","Yes","Melanoma","Not informed","Not informed","Not informed","Not informed","Not informed","Not informed","Not informed","No","Not informed","Not informed","No","No","Not informed","DermaKNet: Incorporating the Knowledge of Dermatologists to Convolutional Neural Networks for Skin Lesion Diagnosis"
"Fuzzy C-Means-based detection and segmentation","Yes","Not informed","No","Segmentation","Not informed","Melanoma","DermQuest, DermIS, ISIC 2016 datasets","Not informed","Not informed","Yes (Gaussian Filter)","Not informed","No","Not informed","No","Accuracy","99.21% accuracy on DermQuest, 96.05% on DermIS, 96.48% on ISIC 2016","No","Yes","Not informed","Automatic Detection and Segmentation of Melanoma using Fuzzy C-Means"
